,mol_weight,logP,num_h_donors,num_h_acceptors,rotatable_bonds,bioactivity,aromatic_rings,predicted_bioactivity
mol_weight,,0.42981900679734764,0.7505644051031171,0.6282932431115548,0.052001082533233246,5.953147345075979e-08,0.2788122750055211,1.6726307423799102e-63
logP,0.42981900679734764,,0.6946026947287686,0.5528461535815957,0.07023701614391713,0.0026278373281636703,0.6986512406231012,8.589993436125696e-05
num_h_donors,0.7505644051031171,0.6946026947287686,,0.5829814689543058,0.37551214347402884,0.0022248062824502153,0.34229537490961753,0.00453137970424685
num_h_acceptors,0.6282932431115548,0.5528461535815936,0.5829814689543058,,0.8426270079952584,3.1191624657281504e-06,0.21099910776172898,0.047098268757103545
rotatable_bonds,0.052001082533233246,0.07023701614391713,0.37551214347402884,0.8426270079952584,,0.4110039471852028,0.009008136360708808,0.0003055549691232222
bioactivity,5.953147345075979e-08,0.0026278373281636703,0.0022248062824502153,3.1191624657281504e-06,0.4110039471852028,,2.0343689454010233e-16,2.0975212644892573e-10
aromatic_rings,0.2788122750055211,0.6986512406231012,0.34229537490961753,0.21099910776172898,0.009008136360708893,2.0343689454010233e-16,,0.7234587165229429
predicted_bioactivity,1.6726307423799102e-63,8.589993436125696e-05,0.00453137970424685,0.047098268757103545,0.0003055549691232222,2.0975212644892573e-10,0.7234587165229429,
